<mvc:View
	controllerName="DeManS.Demans.Allocation.DetailsAllocation"
	xmlns:mvc="sap.ui.core.mvc" xmlns:core="sap.ui.core" xmlns="sap.m"
	xmlns:l="sap.ui.layout" xmlns:f="sap.ui.layout.form">
	<Page id="page1" class="detailPage" navButtonPress="onNavBack"
		showNavButton="false">
		<customHeader>
			<Bar>
				<contentLeft>
					<Image visible="{= !${device>/system/phone} }"
						src="image/LTLogo.jpg" tooltip="Demans" height="50%" />
				</contentLeft>
				<contentMiddle>
					<Title text="{i18n>detailTitle}" />
				</contentMiddle>
				<contentRight>
					<Button icon="sap-icon://employee" tooltip="Share" />
				</contentRight>
			</Bar>
		</customHeader>
		<IconTabBar id="idIconTabBar" expandable="false"
			class="sapUiResponsiveContentPadding">
			<items>
				<IconTabFilter showAll="true" text="{i18n>header}"
					key="All">
					<l:Grid class="sapUiTinyMarginTop sapUiSizeCompact"
						defaultSpan="L6 M4 S12" vSpacing="0">
						<l:Grid class="sapUiTinyMarginBegin sapUiSizeCompact"
							defaultSpan="L6 M12 S10" vSpacing="0">
							<Label text="{i18n>partnumb}" labelFor="idPartno">
								<layoutData>
									<l:GridData linebreakL="true" linebreakM="true"
										linebreakS="true" span="L4 M10 S6" />
								</layoutData>
							</Label>
							<Input width="100%" enabled="false"
								value="{qoDetailViewHeader>/0/header/part_No}" id="idPartno"
								liveChange="companyValidation" maxLength="60" />
							<Label text="{i18n>totalstock}" labelFor="idTotalstock">
								<layoutData>
									<l:GridData linebreakL="true" linebreakM="true"
										linebreakS="true" span="L4 M10 S6" />
								</layoutData>
							</Label>
							<Input width="100%" enabled="false"
								value="{qoDetailViewHeader>/0/header/total_Stock}"
								id="idTotalstock" liveChange="onDoingBusinessAs" />
						</l:Grid>
						<l:Grid class="sapUiTinyMarginBegin"
							defaultSpan="L6 M12 S10" vSpacing="0">
							<Label text="{i18n>totalQty}" labelFor="Totalpending_Qty">
								<layoutData>
									<l:GridData linebreakL="true" linebreakM="true"
										linebreakS="true" span="L4 M10 S6" />
								</layoutData>
							</Label>
							<Input width="100%" enabled="false"
								value="{qoDetailViewHeader>/0/header/total_Pending}"
								id="Totalpending_Qty" liveChange="onDoingBusinessAs" />
							<Label text="{i18n>openQty}" labelFor="Open_Qty">
								<layoutData>
									<l:GridData linebreakL="true" linebreakM="true"
										linebreakS="true" span="L4 M10 S6" />
								</layoutData>
							</Label>
							<Input width="100%" enabled="false"
								value="{qoDetailViewHeader>/0/header/open_Qty}" id="Open_Qty"
								liveChange="onDoingBusinessAs" />
						</l:Grid>
					</l:Grid>
				</IconTabFilter>
			</items>
		</IconTabBar>
		<IconTabBar id="idIconTabBar1" expandable="false"
			class="sapUiResponsiveContentPadding">
			<items>
				<IconTabFilter showAll="true" text="{i18n>detail}"
					key="All">
					<VBox>
						<OverflowToolbar id="lineItemsToolbar">
							<Title id="lineItemsHeader" text="{i18n>rowread}"
								level="H2" />

							<ToolbarSpacer />
							<Button type="Emphasized"
								icon="sap-icon://action-settings" press="onPersoButtonPressed"
								tooltip="{i18n>perso}" />
						</OverflowToolbar>
					</VBox>
					<Table id="idProductsTable" class="sapUiSizeCompact"
						mode="SingleSelectMaster" updateFinished="onListUpdateFinished"
						growing="true" items="{path:'qoDetailViewHeader>/0/details'}">
						<!-- <headerToolbar> <OverflowToolbar id="otbSubheader"> <content> 
							<Title text="{i18n>rowread}" level="H2"/> <ToolbarSpacer/> <Button type="Emphasized" 
							icon="sap-icon://action-settings" press="onPersoButtonPressed" tooltip="{i18n>perso}"/> 
							</content> </OverflowToolbar> </headerToolbar> -->
						<columns>
							<Column minScreenWidth="Phone" demandPopin="true"
								hAlign="Center" id="customerCode">
								<Text text="{i18n>customercode}" />
							</Column>
							<Column minScreenWidth="Phone" id="refNo"
								demandPopin="true" hAlign="Center">
								<Text text="{i18n>refno}" />
							</Column>
							<Column minScreenWidth="Phone" id="itemNo" hAlign="Center">
								<Text text="{i18n>itemno}" />
							</Column>
							<Column minScreenWidth="Phone" id="openDocQty"
								demandPopin="true" hAlign="Center">
								<Text text="{i18n>openDocQty}" />
							</Column>
							<Column minScreenWidth="Phone" id="confirmQty"
								demandPopin="true" hAlign="Center">
								<Text text="{i18n>confirmQty}" />
							</Column>
							<Column minScreenWidth="Phone" id="pendingQty"
								demandPopin="true" hAlign="Center">
								<Text text="{i18n>pendingQty}" />
							</Column>
						</columns>
						<items>
							<ColumnListItem>
								<cells>
									<Input value="{qoDetailViewHeader>customer_code}"
										enabled="false" id="customerCode1" />
									<Input value="{qoDetailViewHeader>ref_no}"
										enabled="false" id="refNo1" />
									<Input value="{qoDetailViewHeader>item_no}"
										enabled="false" id="itemNo1" />
									<Input value="{qoDetailViewHeader>open_doc_qty}"
										enabled="false" type="Number" id="openDocQty1" />
									<Input value="{qoDetailViewHeader>confirm_qty}"
										type="Number" fieldWidth="{20%}" id="confirmQty1" />
									<Input
										value="{ parts: [{path: 'qoDetailViewHeader>open_doc_qty'},{path: 'qoDetailViewHeader>confirm_qty'}], type: 'sap.ui.model.type.Currency', formatter: '.formatter.currentPending',
									 formatOptions: {showMeasure: false} }"
										enabled="false"  />

								</cells>
							</ColumnListItem>
						</items>
					</Table>
				</IconTabFilter>
			</items>
		</IconTabBar>
		<footer class="myFooter">
			<OverflowToolbar id="otbFooter">

				<Button type="Emphasized" icon="sap-icon://message-popup"
					id="messagePopoverBtn" press="handleMessagePopoverPress"
					visible="{=${F4Data>/Mode} === 'display' ? false : true}" />
				<ToolbarSpacer />
				<Text text="{i18n>copyRight}" class="myText" width="40%" />

				<ToolbarSpacer />
				<Button type="Emphasized" icon="sap-icon://save"
					text="{i18n>save}" press="onSave" class="sapUiSizeCompact" />
				<Button type="Transparent" text="{i18n>cancel}"
					press="onCancel" class="sapUiSizeCompact" />
			</OverflowToolbar>
		</footer>
	</Page>

</mvc:View>