<mvc:View
		controllerName="DeManS.Demans.Allocation.Master"
		xmlns:mvc="sap.ui.core.mvc"
		xmlns:core="sap.ui.core"
		xmlns="sap.m"
		>
			<Page id="page" navButtonPress="onNavBack" showNavButton="false">
			<customHeader>
		<Bar>
		<contentLeft>
		<Button icon="sap-icon://home" tooltip="Share" />
			<Image visible="{= !${device>/system/phone} }" src="image/demans.jpg" tooltip="Demans" height="90%"/>
		</contentLeft>
		</Bar>
		</customHeader>
		<subHeader>
			<Bar id="headerBar">
				<contentMiddle>
					<SearchField
							id="searchField"
						    liveChange="onSearchOR"
							showRefreshButton="true"
							tooltip="{i18n>masterSearchTooltip}"
							width="100%"
							search="onSearch">
					</SearchField>
				</contentMiddle>
			</Bar>
		</subHeader>
			<content>
			
				<List
					id="list"
					items="{masterView>/Allocation}"
					growing="true"
					growingScrollToLoad="true" 
				    mode="{= ${device>/system/phone} ? 'None' : 'SingleSelectMaster'}"
					updateFinished="onUpdateFinished"
					selectionChange="onSelectionChange">
					<items>
					<ObjectListItem
					        press="onSelectionChange"
							title="{masterView>Part_Descr}"
						    numberState="None"
							type="Active"
							selected="false"
							showMarkers="false">
							<attributes>
							<ObjectAttribute text="{masterView>Part_Number}" active="true" visible="true"/>
									
						</attributes>
					
					</ObjectListItem>
					</items>
					</List>
			</content>
		<footer>
		   	<OverflowToolbar id="otbFooter">
		   	
		 <!--   	<Button type="Transparent" icon="sap-icon://filter"  press="onOpenSearchAdv"/> -->
		   	<ToolbarSpacer/>
		   		   	</OverflowToolbar>
		   	</footer>
			</Page>
		
		</mvc:View>