<core:FragmentDefinition xmlns="sap.m" xmlns:l="sap.ui.layout" xmlns:f="sap.ui.layout.form" xmlns:core="sap.ui.core" xmlns:mvc="sap.ui.core.mvc">
	<Dialog title="Search Help" id="idSearch">

		<l:Grid defaultSpan ="L6 M12 S10" width ="auto" id = "idGrid">
    <l:content>
     
           
		
						<Label text="Part Number :">
							<layoutData>
										<l:GridData linebreakL="true" linebreakM="true" linebreakS="true"  span="L5 M9 S7"/>
									</layoutData>
							</Label>
						<Input id="idPartNo" width="120%" enabled="true">
					
									</Input>
						<Label text="Part Description :">
								<layoutData>
										<l:GridData linebreakL="true" linebreakM="true" linebreakS="true" span="L5 M9 S7"/>
									</layoutData>
							</Label>
						<Input id="idPartDesc" width="120%" enabled="true"/>
							
				
				</l:content>	
					
			
			
		</l:Grid>
		
	
		<buttons>
			<Button text="SEARCH" press="searchDetails" type="Accept"/>
			<Button text="CLOSE" press="closeDialog" type="Reject"/>
		</buttons>
	</Dialog>
</core:FragmentDefinition>