{
	"Allocation": [
			{
			"Part_Descr": "NUT FUEL M80X6",
			"Part_Number": "6003119121I",
			"header": {
				"part_No": "6003119121I",
				"total_Stock": "10",
				"total_Pending": "7",
				"open_Qty": "9"
			},
			"details": [{
					"customer_code": "CNA0153",
					"ref_no": "021564",
					"item_no": "1789",
					"open_doc_qty": "12",
					"confirm_qty": "10",
					"pending_qty": "4"
				},
				{
					"customer_code": "CNA0153",
					"ref_no": "021536",
					"item_no": "7895",
					"open_doc_qty": "7",
					"confirm_qty": "8",
					"pending_qty": "3"
				}
			]
		},
		{

			"Part_Descr": "FILTER  (PRIMARY) (PC300-7)",
			"Part_Number": "6003229121I",
			"header": {
				"part_No": "6003229121I",
				"total_Stock": "9",
				"total_Pending": "8",
				"open_Qty": "7"
			},

			"details": [{
					"customer_code": "CNA0153",
					"ref_no": "021536",
					"item_no": "7895",
					"open_doc_qty": "7",
					"confirm_qty": "8",
					"pending_qty": "3"
				},
				{
					"customer_code": "PUA0088",
					"ref_no": "852310",
					"item_no": "",
					"open_doc_qty": "2",
					"confirm_qty": "5",
					"pending_qty": "26"
				},
				{
					"customer_code": "PUA0088",
					"ref_no": "325698",
					"item_no": "",
					"open_doc_qty": "6",
					"confirm_qty": "7",
					"pending_qty": "5"
				}
			]
		},
		{
			"Part_Descr": "FUELFILTER(PRIMARY)(PC300-7)^$K",
			"Part_Number": "6007988131D",
			"header": {
				"part_No": "6007988131D",
				"total_Stock": "7",
				"total_Pending": "10",
				"open_Qty": "5"
			},
			"details": [{
					"customer_code": "CNA0153",
					"ref_no": "741236",
					"item_no": "00649",
					"open_doc_qty": "6",
					"confirm_qty": "6",
					"pending_qty": ""
				},
				{
					"customer_code": "CNA0153",
					"ref_no": "145023",
					"item_no": "00254",
					"open_doc_qty": "3",
					"confirm_qty": "3",
					"pending_qty": "2"
				}
			]
		},
		{
			"Part_Descr": "NUT FILTER M90X7",
			"Part_Number": "9632587418B",
			"header": {
				"part_No": "9632587418B",
				"total_Stock": "9",
				"total_Pending": "6",
				"open_Qty": "3"
			},
			"details": [{
					"customer_code": "BAA0100",
					"ref_no": "256984",
					"item_no": "00326",
					"open_doc_qty": "4",
					"confirm_qty": "5",
					"pending_qty": "3"
				},
				{
					"customer_code": "BAA0100",
					"ref_no": "105823",
					"item_no": "00895",
					"open_doc_qty": "5",
					"confirm_qty": "5",
					"pending_qty": "10"
				}
			]
		},
		{
			"Part_Descr": "NUT ASSY M80X6",
			"Part_Number": "8007945254H",
			"header": {
				"part_No": "8007945254H",
				"total_Stock": "13",
				"total_Pending": "9",
				"open_Qty": "4"
			},
			"details": [{
					"customer_code": "CNS0148",
					"ref_no": "456930",
					"item_no": "00263",
					"open_doc_qty": "6",
					"confirm_qty": "6",
					"pending_qty": "3"
				},

				{
					"customer_code": "CNS0148",
					"ref_no": "159462",
					"item_no": "00123",
					"open_doc_qty": "6",
					"confirm_qty": "7",
					"pending_qty": "1"
				}
			]
		}
	]
}